{
    "threads_1": {
        "pytorch": 35.04432374000544,
        "onnx": 23.701456760002202,
        "tvm": 50.57701282000039
    },
    "threads_4": {
        "pytorch": 17.00562193999758,
        "onnx": 7.7854564400036,
        "tvm": 13.45013546000132
    }
}