{
    "threads_1": {
        "pytorch": 38.141817699906824,
        "onnx": 26.391231200013863,
        "tvm": 68.51573948000805
    },
    "threads_4": {
        "pytorch": 13.517171960065753,
        "onnx": 7.585908200035192,
        "tvm": 14.476861940001982
    }
}